dns,tld,date,ip
bsvp,de,2025-03-09 14:59:33.998525,81.169.145.86
invl,de,2025-03-09 14:59:33.998525,81.169.145.161
kptn,de,2025-03-09 14:59:33.998525,202.61.232.139
cats,de,2025-03-09 14:59:33.998525,18.153.116.44
mmcd,de,2025-03-09 14:59:33.998525,217.160.0.229
nvsm,de,2025-03-09 14:59:33.998525,178.254.17.171
msec,de,2025-03-09 14:59:33.998525,81.169.145.87
inev,de,2025-03-09 14:59:33.998525,185.214.120.200
bkry,de,2025-03-09 14:59:33.998525,217.160.0.157
tilq,de,2025-03-09 14:59:33.998525,81.169.145.161
fpha,de,2025-03-09 14:59:33.998525,185.30.32.99
kmcg,de,2025-03-09 14:59:33.998525,185.166.22.205
khyb,de,2025-03-09 14:59:33.998525,109.237.132.16
wpbc,de,2025-03-09 14:59:33.998525,217.11.48.112
cgdu,de,2025-03-09 14:59:33.998525,83.169.29.249
pynr,de,2025-03-09 14:59:33.998525,92.204.58.19
vobr,de,2025-03-09 14:59:33.998525,217.160.0.48
pedj,de,2025-03-09 14:59:33.998525,81.169.145.149
cdoj,de,2025-03-09 14:59:33.998525,81.169.145.159
nhup,de,2025-03-09 14:59:33.998525,83.138.87.69
wkos,de,2025-03-09 14:59:33.998525,217.160.0.112
khes,de,2025-03-09 14:59:33.998525,89.238.73.109
bcmy,de,2025-03-09 14:59:33.998525,81.169.145.157
jprf,de,2025-03-09 14:59:33.998525,45.133.156.37
iikd,de,2025-03-09 14:59:33.998525,45.87.137.12
cnsi,de,2025-03-09 14:59:33.998525,82.100.220.68
wjos,de,2025-03-09 14:59:33.998525,31.220.121.222
gvig,de,2025-03-09 14:59:33.998525,217.160.0.127
zink,de,2025-03-09 14:59:33.998525,136.243.169.28
csus,de,2025-03-09 14:59:33.998525,85.214.240.2
byod,de,2025-03-09 14:59:33.998525,149.126.4.62
nwwk,de,2025-03-09 14:59:33.998525,81.169.145.72
eagh,de,2025-03-09 14:59:33.998525,78.46.125.86
kbwt,de,2025-03-09 14:59:33.998525,89.107.187.146
dsvb,de,2025-03-09 14:59:33.998525,81.169.145.158
dift,de,2025-03-09 14:59:33.998525,217.160.0.35
neow,de,2025-03-09 14:59:33.998525,116.202.5.137
nuss,de,2025-03-09 14:59:33.998525,217.160.0.56
esta,de,2025-03-09 14:59:33.998525,217.160.0.73
durm,de,2025-03-09 14:59:33.998525,176.28.37.234
stmv,de,2025-03-09 14:59:33.998525,81.169.145.70
taxe,de,2025-03-09 14:59:33.998525,217.160.0.238
hpsi,de,2025-03-09 14:59:33.998525,185.175.196.97
ishp,de,2025-03-09 14:59:33.998525,78.46.0.142
paddys,de,2025-03-09 14:59:33.998525,94.230.50.150
sdlz,de,2025-03-09 14:59:33.998525,212.3.84.200
pbip,de,2025-03-09 14:59:33.998525,178.77.118.238
ivdw,de,2025-03-09 14:59:33.998525,81.169.145.82
ryfe,de,2025-03-09 14:59:33.998525,92.118.160.3
gyri,de,2025-03-09 14:59:33.998525,46.4.47.236
hhvw,de,2025-03-09 14:59:33.998525,185.233.53.214
sidw,de,2025-03-09 14:59:33.998525,92.205.194.23
liwf,de,2025-03-09 14:59:33.998525,81.169.145.70
tams,de,2025-03-09 14:59:33.998525,81.169.145.162
wzas,de,2025-03-09 14:59:33.998525,89.58.11.147
edvq,de,2025-03-09 14:59:33.998525,217.160.0.96
dhmr,de,2025-03-09 14:59:33.998525,217.160.0.235
kcwa,de,2025-03-09 14:59:33.998525,185.175.199.24
fzdt,de,2025-03-09 14:59:33.998525,217.160.0.54
fedz,de,2025-03-09 14:59:33.998525,178.16.59.23
kels,de,2025-03-09 14:59:33.998525,89.238.73.116
wkib,de,2025-03-09 14:59:33.998525,161.97.148.119
uamr,de,2025-03-09 14:59:33.998525,91.230.22.24
mrpt,de,2025-03-09 14:59:33.998525,81.169.145.72
eghl,de,2025-03-09 14:59:33.998525,217.160.0.4
sigl,de,2025-03-09 14:59:33.998525,188.94.251.204
nbrg,de,2025-03-09 14:59:33.998525,80.150.6.143
itux,de,2025-03-09 14:59:33.998525,217.160.0.174
jehk,de,2025-03-09 14:59:33.998525,217.160.0.134
lcsb,de,2025-03-09 14:59:33.998525,78.46.1.165
quix,de,2025-03-09 14:59:33.998525,78.46.177.240
tszw,de,2025-03-09 14:59:33.998525,81.169.145.148
khdk,de,2025-03-09 14:59:33.998525,83.136.84.153
aodn,de,2025-03-09 14:59:33.998525,81.169.145.64
svkh,de,2025-03-09 14:59:33.998525,46.30.213.0
whyc,de,2025-03-09 14:59:33.998525,91.204.46.166
icas,de,2025-03-09 14:59:33.998525,83.169.28.99
munk,de,2025-03-09 14:59:33.998525,185.232.0.209
fuxs,de,2025-03-09 14:59:33.998525,217.160.0.44
wpkt,de,2025-03-09 14:59:33.998525,81.169.145.72
leps,de,2025-03-09 14:59:33.998525,81.169.145.151
qmbb,de,2025-03-09 14:59:33.998525,81.169.145.74
orfi,de,2025-03-09 14:59:33.998525,81.169.145.78
vohm,de,2025-03-09 14:59:33.998525,81.169.145.92
mpih,de,2025-03-09 14:59:33.998525,188.40.26.213
hthc,de,2025-03-09 14:59:33.998525,217.160.0.59
utkl,de,2025-03-09 14:59:33.998525,109.237.140.12
eest,de,2025-03-09 14:59:33.998525,136.243.237.135
erol,de,2025-03-09 14:59:33.998525,217.160.0.40
evia,de,2025-03-09 14:59:33.998525,217.160.0.252
zsow,de,2025-03-09 14:59:33.998525,217.160.0.31
kyre,de,2025-03-09 14:59:33.998525,81.169.145.156
kadd,de,2025-03-09 14:59:33.998525,217.160.0.118
wisi,de,2025-03-09 14:59:33.998525,185.175.196.88
tviu,de,2025-03-09 14:59:33.998525,109.237.138.50
cwhr,de,2025-03-09 14:59:33.998525,109.108.130.200
fgzn,de,2025-03-09 14:59:33.998525,188.40.28.38
wzol,de,2025-03-09 14:59:33.998525,89.58.11.147
diwg,de,2025-03-09 14:59:33.998525,5.175.14.28
ompo,de,2025-03-09 14:59:33.998525,5.1.95.173
